﻿<?xml version="1.0" encoding="utf-8"?><meta xmlns:xsi="http://www.w3.org/2001/XMLSchema-instance" xmlns:xsd="http://www.w3.org/2001/XMLSchema"><project id="5iDSFhoL48M" courseid="5xlMS3rDOQh_course_id" thumburl="story_content/thumbnail.jpg" title="New Platform, Same Me! by Ann Lopez v19" datepublished="2021-03-08T03:36:13" version="1.0.0.0" flashdata="story_content/data.swf" html5data="mobile/data.json" mobiledata="mobile/data.gz" enabledownload="false" duration="About 14 minutes" totalaudio="235050" totalvideo="191813"><description>An introduction to Google Classroom training</description><keywords /><slidemeta moniker="slide" monikerplural="slides" viewslides="26" slidecountdescription="26 slides" /><author name="Jackie Van Nice" email="" website="" /><application name="Articulate Storyline" version="3.49.24347.0" xmlversion="4.0" /></project></meta>